host, ip
212-129-0-31.rev.poneytelecom.eu, ['212.129.0.31']
212-129-0-31.rev.poneytelecom.eu, ['212.129.0.31']
212-129-0-31.rev.poneytelecom.eu, ['212.129.0.31']
host-156.215.42.104-static.tedata.net, ['156.215.104.42']
cust211-226.classic.com.np, ['43.231.211.226']
cust161-16.classic.com.np, ['45.64.161.16']
ns516312.ip-167-114-210.net, ['167.114.210.108']
212-129-0-31.rev.poneytelecom.eu, ['212.129.0.31']
tomenta.com, ['38.84.132.236']
85-91-227-88.dsl.inetc.co.uk, ['85.91.227.88']
c-73-157-109-252.hsd1.wa.comcast.net, ['73.157.109.252']
79.145.195.113.adsl-pool.jx.chinaunicom.com, ['113.195.145.79']
79.145.195.113.adsl-pool.jx.chinaunicom.com, ['113.195.145.79']
ns335510.ip-5-196-76.eu, ['5.196.76.41']
ns516312.ip-167-114-210.net, ['167.114.210.108']
tomenta.com, ['38.84.132.236']
ns335510.ip-5-196-76.eu, ['5.196.76.41']
scan-8.security.ipip.net, ['139.162.122.110']
ns516312.ip-167-114-210.net, ['167.114.210.108']
212-129-0-31.rev.poneytelecom.eu, ['212.129.0.31']
tomenta.com, ['38.84.132.236']
cm-171-101-240-71.revip11.asianet.co.th, ['171.101.240.71']
ns335510.ip-5-196-76.eu, ['5.196.76.41']
cust210-163.classic.com.np, ['43.231.210.163']
78.174.98.10.dynamic.ttnet.com.tr, ['78.174.98.10']
ns516312.ip-167-114-210.net, ['167.114.210.108']
ns335510.ip-5-196-76.eu, ['5.196.76.41']
ns516312.ip-167-114-210.net, ['167.114.210.108']
tomenta.com, ['38.84.132.236']
212-129-7-167.rev.poneytelecom.eu, ['212.129.7.167']
ns335510.ip-5-196-76.eu, ['5.196.76.41']
nat-128-62-20-139.public.utexas.edu, ['128.62.20.139']
ns516312.ip-167-114-210.net, ['167.114.210.108']
ns335510.ip-5-196-76.eu, ['5.196.76.41']
ns516312.ip-167-114-210.net, ['167.114.210.108']
100.54.102.24.sta.mountaincable.net, ['24.102.54.100']
ip-132-148-131-17.ip.secureserver.net, ['132.148.131.17']
ns516312.ip-167-114-210.net, ['167.114.210.108']
ns335510.ip-5-196-76.eu, ['5.196.76.41']
tomenta.com, ['38.84.132.236']
212-129-0-31.rev.poneytelecom.eu, ['212.129.0.31']
webserver.outdesk.net, ['149.56.229.161']
ns335510.ip-5-196-76.eu, ['5.196.76.41']
ca783-1-78-198-69-64.fbx.proxad.net, ['78.198.69.64']
